Date,Adj Close
1/3/2012,0.746672
1/4/2012,0.755607
1/5/2012,0.774206
1/6/2012,0.782207
1/9/2012,0.775661
1/10/2012,0.791559
1/11/2012,0.797066
1/12/2012,0.806522
1/13/2012,0.797274
1/17/2012,0.818678
1/18/2012,0.851201
1/19/2012,0.868242
1/20/2012,0.864398
1/23/2012,0.864293
1/24/2012,0.859514
1/25/2012,0.892348
1/26/2012,0.882892
1/27/2012,0.89162
1/30/2012,0.893076
1/31/2012,0.896193
2/1/2012,0.918221
2/2/2012,0.927676
2/3/2012,0.964563
2/6/2012,0.963628
2/7/2012,0.967784
2/8/2012,0.983889
2/9/2012,1.00571
2/10/2012,0.984201
2/13/2012,1.010697
2/14/2012,1.019529
2/15/2012,0.996774
2/16/2012,1.038441
2/17/2012,1.029609
2/21/2012,1.038337
2/22/2012,1.024621
2/23/2012,1.044052
2/24/2012,1.054234
2/27/2012,1.059325
2/28/2012,1.091017
2/29/2012,1.076678
3/1/2012,1.102862
3/2/2012,1.099537
3/5/2012,1.065248
3/6/2012,1.0347
3/7/2012,1.058182
3/8/2012,1.091744
3/9/2012,1.10494
3/12/2012,1.106707
3/13/2012,1.16905
3/14/2012,1.182143
3/15/2012,1.191183
3/16/2012,1.188585
3/19/2012,1.214458
3/20/2012,1.221108
3/21/2012,1.220692
3/22/2012,1.213315
3/23/2012,1.211653
3/26/2012,1.274931
3/27/2012,1.279815
3/28/2012,1.264852
3/29/2012,1.251864
3/30/2012,1.243136
4/2/2012,1.281062
4/3/2012,1.281166
4/4/2012,1.2289
4/5/2012,1.251344
4/9/2012,1.222562
4/10/2012,1.163543
4/11/2012,1.180376
4/12/2012,1.219965
4/13/2012,1.16479
4/16/2012,1.128112
4/17/2012,1.194611
4/18/2012,1.185883
4/19/2012,1.147542
4/20/2012,1.135177
4/23/2012,1.106603
4/24/2012,1.087069
4/25/2012,1.173414
4/26/2012,1.194404
4/27/2012,1.214874
4/30/2012,1.189624
5/1/2012,1.196378
5/2/2012,1.204275
5/3/2012,1.166869
5/4/2012,1.081249
5/7/2012,1.082808
5/8/2012,1.07086
5/9/2012,1.064936
5/10/2012,1.054027
5/11/2012,1.052987
5/14/2012,1.023893
5/15/2012,1.014958
5/16/2012,0.99293
5/17/2012,0.931833
5/18/2012,0.894426
5/21/2012,0.969654
5/22/2012,0.966122
5/23/2012,0.971524
5/24/2012,0.954068
5/25/2012,0.948665
5/29/2012,0.983993
5/30/2012,0.960095
5/31/2012,0.946379
6/1/2012,0.871983
6/4/2012,0.890686
6/5/2012,0.902946
6/6/2012,0.964666
6/7/2012,0.953861
6/8/2012,0.981915
6/11/2012,0.93495
6/12/2012,0.964459
6/13/2012,0.945548
6/14/2012,0.956147
6/15/2012,0.991474
6/18/2012,1.017035
6/19/2012,1.050493
6/20/2012,1.054234
6/21/2012,0.975265
6/22/2012,1.005606
6/25/2012,0.945963
6/26/2012,0.964252
6/27/2012,0.981915
6/28/2012,0.946587
6/29/2012,1.039064
7/2/2012,1.047376
7/3/2012,1.072314
7/5/2012,1.076054
7/6/2012,1.033661
7/9/2012,1.030128
7/10/2012,0.998541
7/11/2012,0.984825
7/12/2012,0.956354
7/13/2012,0.997917
7/16/2012,0.990436
7/17/2012,1.005606
7/18/2012,1.046545
7/19/2012,1.080626
7/20/2012,1.039064
7/23/2012,1.000618
7/24/2012,0.977759
7/25/2012,0.955938
7/26/2012,0.993345
7/27/2012,1.068573
7/30/2012,1.062131
7/31/2012,1.062755
8/1/2012,1.052364
8/2/2012,1.041349
8/3/2012,1.100576
8/6/2012,1.125306
8/7/2012,1.153153
8/8/2012,1.151283
8/9/2012,1.161049
8/10/2012,1.16583
8/13/2012,1.172895
8/14/2012,1.174558
8/15/2012,1.18287
8/16/2012,1.225263
8/17/2012,1.242097
8/20/2012,1.246876
8/21/2012,1.232537
8/22/2012,1.245837
8/23/2012,1.218198
8/24/2012,1.239811
8/27/2012,1.245837
8/28/2012,1.24563
8/29/2012,1.246046
8/30/2012,1.208016
8/31/2012,1.233784
9/4/2012,1.228589
9/5/2012,1.222978
9/6/2012,1.303817
9/7/2012,1.298206
9/10/2012,1.250409
9/11/2012,1.245006
9/12/2012,1.255812
9/13/2012,1.305896
9/14/2012,1.339353
9/17/2012,1.341847
9/18/2012,1.34434
9/19/2012,1.353277
9/20/2012,1.35016
9/21/2012,1.35016
9/24/2012,1.325222
9/25/2012,1.272022
9/26/2012,1.238564
9/27/2012,1.291141
9/28/2012,1.260176
10/1/2012,1.254774
10/2/2012,1.262878
10/3/2012,1.286777
10/4/2012,1.301739
10/5/2012,1.279295
10/8/2012,1.245422
10/9/2012,1.181416
10/10/2012,1.167076
10/11/2012,1.156685
10/12/2012,1.156478
10/15/2012,1.179545
10/16/2012,1.230875
10/17/2012,1.227134
10/18/2012,1.185156
10/19/2012,1.099537
10/22/2012,1.116785
10/23/2012,1.083743
10/24/2012,1.072937
10/25/2012,1.072937
10/26/2012,1.084159
10/31/2012,1.063169
11/1/2012,1.108266
11/2/2012,1.067742
11/5/2012,1.093927
11/6/2012,1.100576
11/7/2012,1.021608
11/8/2012,0.97381
11/9/2012,0.984409
11/12/2012,0.985863
11/13/2012,0.964459
11/14/2012,0.929962
11/15/2012,0.921649
11/16/2012,0.93204
11/19/2012,0.999164
11/20/2012,0.999372
11/21/2012,1.006437
11/23/2012,1.052571
11/26/2012,1.066079
11/27/2012,1.054027
11/28/2012,1.082289
11/29/2012,1.100992
11/30/2012,1.097044
12/3/2012,1.09164
12/4/2012,1.084575
12/5/2012,1.051117
12/6/2012,1.070443
12/7/2012,1.052156
12/10/2012,1.061508
12/11/2012,1.102446
12/12/2012,1.094965
12/13/2012,1.070236
12/14/2012,1.039895
12/17/2012,1.080418
12/18/2012,1.130501
12/19/2012,1.114291
12/20/2012,1.115124
12/21/2012,1.080418
12/24/2012,1.071274
12/26/2012,1.045922
12/27/2012,1.040103
12/28/2012,1.00997
12/31/2012,1.075847
1/2/2013,1.176221
1/3/2013,1.159179
1/4/2013,1.14775
1/7/2013,1.148997
1/8/2013,1.142346
1/9/2013,1.153984
1/10/2013,1.17435
1/11/2013,1.178714
1/14/2013,1.163543
1/15/2013,1.146295
1/16/2013,1.159179
1/17/2013,1.177051
1/18/2013,1.170401
1/22/2013,1.175181
1/23/2013,1.1943
1/24/2013,1.14671
1/25/2013,1.163752
1/28/2013,1.172064
1/29/2013,1.172064
1/30/2013,1.165622
1/31/2013,1.158141
2/1/2013,1.196171
2/4/2013,1.135281
2/5/2013,1.185156
2/6/2013,1.174142
2/7/2013,1.177051
2/8/2013,1.212795
2/11/2013,1.21238
2/12/2013,1.198248
2/13/2013,1.212172
2/14/2013,1.209678
2/15/2013,1.199288
2/19/2013,1.225472
2/20/2013,1.16957
2/21/2013,1.13154
2/22/2013,1.16479
2/25/2013,1.121358
2/26/2013,1.134865
2/27/2013,1.169363
2/28/2013,1.164999
3/1/2013,1.177051
3/4/2013,1.192221
3/5/2013,1.24459
3/6/2013,1.236694
3/7/2013,1.2475
3/8/2013,1.248954
3/11/2013,1.261839
3/12/2013,1.246461
3/13/2013,1.242512
3/14/2013,1.255189
3/15/2013,1.243343
3/18/2013,1.234824
3/19/2013,1.229836
3/20/2013,1.253318
3/21/2013,1.213211
3/22/2013,1.246669
3/25/2013,1.233992
3/26/2013,1.252903
3/27/2013,1.259553
3/28/2013,1.266826
4/1/2013,1.242305
4/2/2013,1.27036
4/3/2013,1.236694
4/4/2013,1.237317
4/5/2013,1.206976
4/8/2013,1.225472
4/9/2013,1.249578
4/10/2013,1.322729
4/11/2013,1.320442
4/12/2013,1.318988
4/15/2013,1.238772
4/16/2013,1.290517
4/17/2013,1.215081
4/18/2013,1.162505
4/19/2013,1.210717
4/22/2013,1.247916
4/23/2013,1.284699
4/24/2013,1.281581
4/25/2013,1.302362
4/26/2013,1.291348
4/29/2013,1.325637
4/30/2013,1.354731
5/1/2013,1.337482
5/2/2013,1.385903
5/3/2013,1.434324
5/6/2013,1.452819
5/7/2013,1.449286
5/8/2013,1.471938
5/9/2013,1.466743
5/10/2013,1.49168
5/13/2013,1.497499
5/14/2013,1.519526
5/15/2013,1.530748
5/16/2013,1.525137
5/17/2013,1.568155
5/20/2013,1.561089
5/21/2013,1.566908
5/22/2013,1.528671
5/23/2013,1.512045
5/24/2013,1.511214
5/28/2013,1.542386
5/29/2013,1.519112
5/30/2013,1.543841
5/31/2013,1.499785
6/3/2013,1.508513
6/4/2013,1.485861
6/5/2013,1.428921
6/6/2013,1.446377
6/7/2013,1.50685
6/10/2013,1.507474
6/11/2013,1.463833
6/12/2013,1.413127
6/13/2013,1.463833
6/14/2013,1.438065
6/17/2013,1.477965
6/18/2013,1.512877
6/19/2013,1.465287
6/20/2013,1.357225
6/21/2013,1.338106
6/24/2013,1.296751
6/25/2013,1.32439
6/26/2013,1.36055
6/27/2013,1.375721
6/28/2013,1.379461
7/1/2013,1.40897
7/2/2013,1.409594
7/3/2013,1.428713
7/5/2013,1.4603
7/8/2013,1.46508
7/9/2013,1.491888
7/10/2013,1.517033
7/11/2013,1.611588
7/12/2013,1.628421
7/15/2013,1.641097
7/16/2013,1.634655
7/17/2013,1.646293
7/18/2013,1.634239
7/19/2013,1.584572
7/22/2013,1.596002
7/23/2013,1.560466
7/24/2013,1.575221
7/25/2013,1.603691
7/26/2013,1.630291
7/29/2013,1.62281
7/30/2013,1.646916
7/31/2013,1.657306
8/1/2013,1.707805
8/2/2013,1.736275
8/5/2013,1.740016
8/6/2013,1.709052
8/7/2013,1.699285
8/8/2013,1.721936
8/9/2013,1.703441
8/12/2013,1.714039
8/13/2013,1.74251
8/14/2013,1.723183
8/15/2013,1.636733
8/16/2013,1.630914
8/19/2013,1.624473
8/20/2013,1.646708
8/21/2013,1.630291
8/22/2013,1.676841
8/23/2013,1.712169
8/26/2013,1.713624
8/27/2013,1.605769
8/28/2013,1.62655
8/29/2013,1.660216
8/30/2013,1.629251
9/3/2013,1.65606
9/4/2013,1.710091
9/5/2013,1.717572
9/6/2013,1.723807
9/9/2013,1.784488
9/10/2013,1.811504
9/11/2013,1.80236
9/12/2013,1.794255
9/13/2013,1.800074
9/16/2013,1.784904
9/17/2013,1.820647
9/18/2013,1.887564
9/19/2013,1.8992
9/20/2013,1.878419
9/23/2013,1.867821
9/24/2013,1.868237
9/25/2013,1.850572
9/26/2013,1.892966
9/27/2013,1.88403
9/30/2013,1.872185
10/1/2013,1.928294
10/2/2013,1.924761
10/3/2013,1.857846
10/4/2013,1.905643
10/7/2013,1.858469
10/8/2013,1.753316
10/9/2013,1.733989
10/10/2013,1.84413
10/11/2013,1.885693
10/14/2013,1.924761
10/15/2013,1.904188
10/16/2013,1.969234
10/17/2013,2.001029
10/18/2013,2.099947
10/21/2013,2.112001
10/22/2013,2.119274
10/23/2013,2.085193
10/24/2013,2.111169
10/25/2013,2.153355
10/28/2013,2.15772
10/29/2013,2.168111
10/30/2013,2.161253
10/31/2013,2.147329
11/1/2013,2.14629
11/4/2013,2.15668
11/5/2013,2.165825
11/6/2013,2.162083
11/7/2013,2.042176
11/8/2013,2.122807
11/11/2013,2.112625
11/12/2013,2.123015
11/13/2013,2.199074
11/14/2013,2.216115
11/15/2013,2.231493
11/18/2013,2.169773
11/19/2013,2.148368
11/20/2013,2.133406
11/21/2013,2.198659
11/22/2013,2.233363
11/25/2013,2.248118
11/26/2013,2.285317
11/27/2013,2.331036
11/29/2013,2.369273
12/2/2013,2.354519
12/3/2013,2.347661
12/4/2013,2.353687
12/5/2013,2.346414
12/6/2013,2.394834
12/9/2013,2.423512
12/10/2013,2.419148
12/11/2013,2.328749
12/12/2013,2.309839
12/13/2013,2.298824
12/16/2013,2.338309
12/17/2013,2.323554
12/18/2013,2.40377
12/19/2013,2.382158
12/20/2013,2.453853
12/23/2013,2.533237
12/24/2013,2.53677
12/26/2013,2.5615
12/27/2013,2.542797
12/30/2013,2.529496
12/31/2013,2.579164
1/2/2014,2.518898
1/3/2014,2.464036
1/6/2014,2.437851
1/7/2014,2.501027
1/8/2014,2.51973
1/9/2014,2.493753
1/10/2014,2.518691
1/13/2014,2.406679
1/14/2014,2.544459
1/15/2014,2.603894
1/16/2014,2.609296
1/17/2014,2.562954
1/21/2014,2.620311
1/22/2014,2.644625
1/23/2014,2.612829
1/24/2014,2.458009
1/27/2014,2.386521
1/28/2014,2.38569
1/29/2014,2.310462
1/30/2014,2.43224
1/31/2014,2.4152
2/3/2014,2.255184
2/4/2014,2.29924
2/5/2014,2.278044
2/6/2014,2.365324
2/7/2014,2.490843
2/10/2014,2.536563
2/11/2014,2.623428
2/12/2014,2.635897
2/13/2014,2.703644
2/14/2014,2.71154
2/18/2014,2.753934
2/19/2014,2.693669
2/20/2014,2.732738
2/21/2014,2.718606
2/24/2014,2.766403
2/25/2014,2.756428
2/26/2014,2.747285
2/27/2014,2.801316
2/28/2014,2.787185
3/3/2014,2.726088
3/4/2014,2.835813
3/5/2014,2.859088
3/6/2014,2.848282
3/7/2014,2.80755
3/10/2014,2.813369
3/11/2014,2.778457
3/12/2014,2.809629
3/13/2014,2.690343
3/14/2014,2.635066
3/17/2014,2.705306
3/18/2014,2.802562
3/19/2014,2.756428
3/20/2014,2.778041
3/21/2014,2.676213
3/24/2014,2.608881
3/25/2014,2.632987
3/26/2014,2.532822
3/27/2014,2.487935
3/28/2014,2.504144
3/31/2014,2.554019
4/1/2014,2.692422
4/2/2014,2.713619
4/3/2014,2.649613
4/4/2014,2.439306
4/7/2014,2.366156
4/8/2014,2.43224
4/9/2014,2.556928
4/10/2014,2.320853
4/11/2014,2.239806
4/14/2014,2.290097
4/15/2014,2.312956
4/16/2014,2.402731
4/17/2014,2.403978
4/21/2014,2.458425
4/22/2014,2.518691
4/23/2014,2.450113
4/24/2014,2.522431
4/25/2014,2.400653
4/28/2014,2.426421
4/29/2014,2.480037
4/30/2014,2.502065
5/1/2014,2.524509
5/2/2014,2.51204
5/5/2014,2.547785
5/6/2014,2.449281
5/7/2014,2.427253
5/8/2014,2.41894
5/9/2014,2.447203
5/12/2014,2.566488
5/13/2014,2.57189
5/14/2014,2.533653
5/15/2014,2.475049
5/16/2014,2.521184
5/19/2014,2.575216
5/20/2014,2.546953
5/21/2014,2.618856
5/22/2014,2.651275
5/23/2014,2.710709
5/27/2014,2.812537
5/28/2014,2.785938
5/29/2014,2.842463
5/30/2014,2.839968
6/2/2014,2.832903
6/3/2014,2.828747
6/4/2014,2.858672
6/5/2014,2.933069
6/6/2014,2.980451
6/9/2014,2.975047
6/10/2014,2.992088
6/11/2014,2.987516
6/12/2014,2.909379
6/13/2014,2.929329
6/16/2014,2.940135
6/17/2014,2.944291
6/18/2014,2.997907
6/19/2014,2.986269
6/20/2014,2.997075
6/23/2014,3.000401
6/24/2014,2.992088
6/25/2014,3.047043
6/26/2014,3.055357
6/27/2014,3.085703
6/30/2014,3.108565
7/1/2014,3.212905
7/2/2014,3.225376
7/3/2014,3.287315
7/7/2014,3.255721
7/8/2014,3.142237
7/9/2014,3.21332
7/10/2014,3.182976
7/11/2014,3.238262
7/14/2014,3.300201
7/15/2014,3.265698
7/16/2014,3.302695
7/17/2014,3.17092
7/18/2014,3.320986
7/21/2014,3.308931
7/22/2014,3.37461
7/23/2014,3.437796
7/24/2014,3.425741
7/25/2014,3.383756
7/28/2014,3.387912
7/29/2014,3.370869
7/30/2014,3.411192
7/31/2014,3.203344
8/1/2014,3.166347
8/4/2014,3.231195
8/5/2014,3.155539
8/6/2014,3.150135
8/7/2014,3.119789
8/8/2014,3.186301
8/11/2014,3.244082
8/12/2014,3.2366
8/13/2014,3.34177
8/14/2014,3.393317
8/15/2014,3.439459
8/18/2014,3.522597
8/19/2014,3.583289
8/20/2014,3.583289
8/21/2014,3.603658
8/22/2014,3.617792
8/25/2014,3.658114
8/26/2014,3.670585
8/27/2014,3.671
8/28/2014,3.656035
8/29/2014,3.698852
9/2/2014,3.729613
9/3/2014,3.665597
9/4/2014,3.653957
9/5/2014,3.710492
9/8/2014,3.729198
9/9/2014,3.638576
9/10/2014,3.722963
9/11/2014,3.720052
9/12/2014,3.66144
9/15/2014,3.55128
9/16/2014,3.647306
9/17/2014,3.665181
9/18/2014,3.744164
9/19/2014,3.735849
9/22/2014,3.63442
9/23/2014,3.602827
9/24/2014,3.719637
9/25/2014,3.483523
9/26/2014,3.594928
9/29/2014,3.582874
9/30/2014,3.596175
10/1/2014,3.424078
10/2/2014,3.422415
10/3/2014,3.525508
10/6/2014,3.501397
10/7/2014,3.35341
10/8/2014,3.547124
10/9/2014,3.370453
10/10/2014,3.118127
10/13/2014,2.972218
10/14/2014,2.977621
10/15/2014,2.91402
10/16/2014,2.86871
10/17/2014,2.980948
10/20/2014,3.109397
10/21/2014,3.352578
10/22/2014,3.300616
10/23/2014,3.451513
10/24/2014,3.530912
10/27/2014,3.544214
10/28/2014,3.702594
10/29/2014,3.658114
10/30/2014,3.680977
10/31/2014,3.832706
11/3/2014,3.872197
11/4/2014,3.831043
11/5/2014,3.830627
11/6/2014,3.863467
11/7/2014,3.853906
11/10/2014,3.893398
11/11/2014,3.930394
11/12/2014,3.95201
11/13/2014,4.002725
11/14/2014,4.039723
11/17/2014,4.001894
11/18/2014,4.091683
11/19/2014,4.039723
11/20/2014,4.093348
11/21/2014,4.122861
11/24/2014,4.215976
11/25/2014,4.229694
11/26/2014,4.316159
11/28/2014,4.380591
12/1/2014,4.218887
12/2/2014,4.264197
12/3/2014,4.302857
12/4/2014,4.289971
12/5/2014,4.292881
12/8/2014,4.200181
12/9/2014,4.240918
12/10/2014,4.035565
12/11/2014,4.098751
12/12/2014,3.963234
12/15/2014,3.844345
12/16/2014,3.653541
12/17/2014,3.84975
12/18/2014,4.132007
12/19/2014,4.178149
12/22/2014,4.216689
12/23/2014,4.176361
12/24/2014,4.185092
12/26/2014,4.269908
12/29/2014,4.270739
12/30/2014,4.182597
12/31/2014,4.051631
1/2/2015,4.018369
1/5/2015,3.837511
1/6/2015,3.685341
1/7/2015,3.827118
1/8/2015,4.045394
1/9/2015,3.963488
1/12/2015,3.841669
1/13/2015,3.838343
1/14/2015,3.779304
1/15/2015,3.629213
1/16/2015,3.758516
1/20/2015,3.841669
1/21/2015,3.900708
1/22/2015,4.117737
1/23/2015,4.145178
1/26/2015,4.136031
1/27/2015,3.815892
1/28/2015,3.750201
1/29/2015,3.858715
1/30/2015,3.770157
2/2/2015,3.86911
2/3/2015,3.974714
2/4/2015,3.96432
2/5/2015,4.069508
2/6/2015,3.995502
2/9/2015,3.951431
2/10/2015,4.140604
2/11/2015,4.18717
2/12/2015,4.33352
2/13/2015,4.442865
2/17/2015,4.454922
2/18/2015,4.474048
2/19/2015,4.541402
2/20/2015,4.628713
2/23/2015,4.647006
2/24/2015,4.656569
2/25/2015,4.619151
2/26/2015,4.689414
2/27/2015,4.627465
3/2/2015,4.752194
3/3/2015,4.68401
3/4/2015,4.632039
3/5/2015,4.652411
3/6/2015,4.492341
3/9/2015,4.535581
3/10/2015,4.284459
3/11/2015,4.209205
3/12/2015,4.289865
3/13/2015,4.234567
3/16/2015,4.396716
3/17/2015,4.421245
3/18/2015,4.54847
3/19/2015,4.570506
3/20/2015,4.6653
3/23/2015,4.626217
3/24/2015,4.579237
3/25/2015,4.259938
3/26/2015,4.22501
3/27/2015,4.265759
3/30/2015,4.419192
3/31/2015,4.282392
4/1/2015,4.210042
4/2/2015,4.21711
4/6/2015,4.318566
4/7/2015,4.298608
4/8/2015,4.400897
4/9/2015,4.48281
4/10/2015,4.536449
4/13/2015,4.502769
4/14/2015,4.464099
4/15/2015,4.543102
4/16/2015,4.527302
4/17/2015,4.315656
4/20/2015,4.508591
4/21/2015,4.566387
4/22/2015,4.640401
4/23/2015,4.696118
4/24/2015,4.879906
4/27/2015,4.84872
4/28/2015,4.817118
4/29/2015,4.725226
4/30/2015,4.503185
5/1/2015,4.685308
5/4/2015,4.701941
5/5/2015,4.479068
5/6/2015,4.383432
5/7/2015,4.458694
5/8/2015,4.622107
5/11/2015,4.571377
5/12/2015,4.512333
5/13/2015,4.535618
5/14/2015,4.736453
5/15/2015,4.736036
5/18/2015,4.79425
5/19/2015,4.780529
5/20/2015,4.788428
5/21/2015,4.863689
5/22/2015,4.850384
5/26/2015,4.682397
5/27/2015,4.907765
5/28/2015,4.87159
5/29/2015,4.78926
6/1/2015,4.831256
6/2/2015,4.78718
6/3/2015,4.829177
6/4/2015,4.723978
6/5/2015,4.688219
6/8/2015,4.544765
6/9/2015,4.522313
6/10/2015,4.701524
6/11/2015,4.727304
6/12/2015,4.607137
6/15/2015,4.543519
6/16/2015,4.612958
6/17/2015,4.651628
6/18/2015,4.848304
6/19/2015,4.774291
6/22/2015,4.889469
6/23/2015,4.901528
6/24/2015,4.826267
6/25/2015,4.794665
6/26/2015,4.705683
6/29/2015,4.373037
6/30/2015,4.422935
7/1/2015,4.51358
7/2/2015,4.530628
7/6/2015,4.492374
7/7/2015,4.515243
7/8/2015,4.289045
7/9/2015,4.276571
7/10/2015,4.475326
7/13/2015,4.70402
7/14/2015,4.798407
7/15/2015,4.821277
7/16/2015,5.009637
7/17/2015,5.238746
7/20/2015,5.297375
7/21/2015,5.282822
7/22/2015,5.109431
7/23/2015,5.048307
7/24/2015,4.904854
7/27/2015,4.778865
7/28/2015,4.904854
7/29/2015,4.95974
7/30/2015,5.028765
7/31/2015,5.013379
8/3/2015,4.967225
8/4/2015,4.935209
8/5/2015,5.050803
8/6/2015,4.808387
8/7/2015,4.78926
8/10/2015,4.951009
8/11/2015,4.762232
8/12/2015,4.804229
8/13/2015,4.782607
8/14/2015,4.808387
8/17/2015,4.926476
8/18/2015,4.847888
8/19/2015,4.756827
8/20/2015,4.365138
8/21/2015,3.822094
8/24/2015,3.369281
8/25/2015,3.32479
8/26/2015,3.80463
8/27/2015,4.101932
8/28/2015,4.098605
8/31/2015,3.94642
9/1/2015,3.58841
9/2/2015,3.880306
9/3/2015,3.816273
9/4/2015,3.68862
9/8/2015,4.001722
9/9/2015,3.862427
9/10/2015,3.985922
9/11/2015,4.050372
9/14/2015,4.014196
9/15/2015,4.154324
9/16/2015,4.223763
9/17/2015,4.235405
9/18/2015,4.056193
9/21/2015,4.090705
9/22/2015,3.910244
9/23/2015,3.916481
9/24/2015,3.87116
9/25/2015,3.777187
9/28/2015,3.45161
9/29/2015,3.400466
9/30/2015,3.625418
10/1/2015,3.676146
10/2/2015,3.867001
10/5/2015,4.043303
10/6/2015,3.985506
10/7/2015,4.049541
10/8/2015,4.099021
10/9/2015,4.148918
10/12/2015,4.183846
10/13/2015,4.101932
10/14/2015,4.084468
10/15/2015,4.284055
10/16/2015,4.337278
10/19/2015,4.415035
10/20/2015,4.341852
10/21/2015,4.271996
10/22/2015,4.525223
10/23/2015,4.901528
10/26/2015,4.916081
10/27/2015,4.948098
10/28/2015,5.06286
10/29/2015,5.044149
10/30/2015,4.975125
11/2/2015,5.144775
11/3/2015,5.19384
11/4/2015,5.19592
11/5/2015,5.150179
11/6/2015,5.167228
11/9/2015,5.000906
11/10/2015,4.965562
11/11/2015,4.943524
11/12/2015,4.800071
11/13/2015,4.517738
11/16/2015,4.706099
11/17/2015,4.722314
11/18/2015,4.993005
11/19/2015,5.000489
11/20/2015,5.099868
11/23/2015,5.058703
11/24/2015,5.042901
11/25/2015,5.054128
11/27/2015,5.072425
11/30/2015,5.040407
12/1/2015,5.190097
12/2/2015,5.095709
12/3/2015,4.835829
12/4/2015,5.16806
12/7/2015,5.104857
12/8/2015,5.105273
12/9/2015,4.867432
12/10/2015,4.936456
12/11/2015,4.597989
12/14/2015,4.701109
12/15/2015,4.780943
12/16/2015,4.992173
12/17/2015,4.78427
12/18/2015,4.52148
12/21/2015,4.655787
12/22/2015,4.743937
12/23/2015,4.852463
12/24/2015,4.842483
12/28/2015,4.841236
12/29/2015,5.062029
12/30/2015,4.932714
12/31/2015,4.749758
1/4/2016,4.459525
1/5/2016,4.419608
1/6/2016,4.301103
1/7/2016,3.89195
1/8/2016,3.800056
1/11/2016,3.833321
1/12/2016,3.962636
1/13/2016,3.548078
1/14/2016,3.777603
1/15/2016,3.430404
1/19/2016,3.444957
1/20/2016,3.413771
1/21/2016,3.426246
1/22/2016,3.721469
1/25/2016,3.553899
1/26/2016,3.655356
1/27/2016,3.383418
1/28/2016,3.516892
1/29/2016,3.746001
2/1/2016,3.767207
2/2/2016,3.528119
2/3/2016,3.478222
2/4/2016,3.471985
2/5/2016,3.114807
2/8/2016,2.972601
2/9/2016,2.938089
2/10/2016,2.973017
2/11/2016,2.965948
2/12/2016,3.092354
2/16/2016,3.298178
2/17/2016,3.526039
2/18/2016,3.406287
2/19/2016,3.441631
2/22/2016,3.604212
2/23/2016,3.424583
2/24/2016,3.526456
2/25/2016,3.623754
2/26/2016,3.615438
2/29/2016,3.519802
3/1/2016,3.856605
3/2/2016,3.860764
3/3/2016,3.839142
3/4/2016,3.845795
3/7/2016,3.774276
3/8/2016,3.674482
3/9/2016,3.744754
3/10/2016,3.730616
3/11/2016,3.923966
3/14/2016,3.946836
3/15/2016,3.944341
3/16/2016,4.044966
3/17/2016,4.033324
3/18/2016,4.056609
3/21/2016,4.104842
3/22/2016,4.141433
3/23/2016,4.042888
3/24/2016,4.04164
3/28/2016,4.027087
3/29/2016,4.219604
3/30/2016,4.282808
3/31/2016,4.257859
4/1/2016,4.39965
4/4/2016,4.345179
4/5/2016,4.228337
4/6/2016,4.430835
4/7/2016,4.239563
4/8/2016,4.229585
4/11/2016,4.184261
4/12/2016,4.281976
4/13/2016,4.44913
4/14/2016,4.452041
4/15/2016,4.417944
4/18/2016,4.483226
4/19/2016,4.405886
4/20/2016,4.416697
4/21/2016,4.417944
4/22/2016,4.217942
4/25/2016,4.214615
4/26/2016,4.156819
4/27/2016,4.057025
4/28/2016,3.913156
4/29/2016,3.850785
5/2/2016,3.952657
5/3/2016,3.847458
5/4/2016,3.771366
5/5/2016,3.769286
5/6/2016,3.823757
5/9/2016,3.857438
5/10/2016,4.019186
5/11/2016,3.909413
5/12/2016,3.854527
5/13/2016,3.807956
5/16/2016,3.954736
5/17/2016,3.802966
5/18/2016,3.846211
5/19/2016,3.785502
5/20/2016,3.911908
5/23/2016,3.89278
5/24/2016,4.131038
5/25/2016,4.220021
5/26/2016,4.255364
5/27/2016,4.319398
5/31/2016,4.345179
6/1/2016,4.346841
6/2/2016,4.371375
6/3/2016,4.311499
6/6/2016,4.357653
6/7/2016,4.326883
6/8/2016,4.34601
6/9/2016,4.326883
6/10/2016,4.18135
6/13/2016,4.074072
6/14/2016,4.076151
6/15/2016,4.039561
6/16/2016,4.068667
6/17/2016,3.929372
6/20/2016,4.000059
6/21/2016,4.039977
6/22/2016,4.01378
6/23/2016,4.183014
6/24/2016,3.67074
6/27/2016,3.457016
6/28/2016,3.673651
6/29/2016,3.864506
6/30/2016,4.005048
7/1/2016,4.059935
7/5/2016,3.988001
7/6/2016,4.081973
7/7/2016,4.120644
7/8/2016,4.311083
7/11/2016,4.38468
7/12/2016,4.453704
7/13/2016,4.422519
7/14/2016,4.512333
7/15/2016,4.486969
7/18/2016,4.576367
7/19/2016,4.528965
7/20/2016,4.684061
7/21/2016,4.656201
7/22/2016,4.710257
7/25/2016,4.714415
7/26/2016,4.730215
7/27/2016,4.822524
7/28/2016,4.874916
7/29/2016,4.906933
8/1/2016,4.983858
8/2/2016,4.87159
8/3/2016,4.917745
8/4/2016,4.96182
8/5/2016,5.105273
8/8/2016,5.089056
8/9/2016,5.122736
8/10/2016,5.083235
8/11/2016,5.148932
8/12/2016,5.158496
8/15/2016,5.223362
8/16/2016,5.141032
8/17/2016,5.165149
8/18/2016,5.170138
8/19/2016,5.16307
8/22/2016,5.16806
8/23/2016,5.198828
8/24/2016,5.09862
8/25/2016,5.074503
8/26/2016,5.099035
8/29/2016,5.113173
8/30/2016,5.067019
8/31/2016,5.053713
9/1/2016,5.076167
9/2/2016,5.135626
9/6/2016,5.230847
9/7/2016,5.24041
9/8/2016,5.150596
9/9/2016,4.760154
9/12/2016,5.004231
9/13/2016,4.886143
9/14/2016,4.94893
9/15/2016,5.178455
9/16/2016,5.172633
9/19/2016,5.104857
9/20/2016,5.133132
9/21/2016,5.282406
9/22/2016,5.4059
9/23/2016,5.308602
9/26/2016,5.176792
9/27/2016,5.323571
9/28/2016,5.352678
9/29/2016,5.239162
9/30/2016,5.346857
10/3/2016,5.334797
10/4/2016,5.304444
10/5/2016,5.359746
10/6/2016,5.351431
10/7/2016,5.316503
10/10/2016,5.411723
10/11/2016,5.188018
10/12/2016,5.177208
10/13/2016,5.116499
10/14/2016,5.128142
10/17/2016,5.092798
10/18/2016,5.223362
10/19/2016,5.225441
10/20/2016,5.203403
10/21/2016,5.259953
10/24/2016,5.45164
10/25/2016,5.397169
10/26/2016,5.293633
10/27/2016,5.21962
10/28/2016,5.129389
10/31/2016,5.100283
11/1/2016,4.9955
11/2/2016,4.865354
11/3/2016,4.725226
11/4/2016,4.671587
11/7/2016,5.006311
11/8/2016,5.104441
11/9/2016,5.17596
11/10/2016,4.929803
11/11/2016,4.925644
11/14/2016,4.759322
11/15/2016,4.979699
11/16/2016,5.060781
11/17/2016,5.178039
11/18/2016,5.119826
11/21/2016,5.273674
11/22/2016,5.321076
11/23/2016,5.257042
11/25/2016,5.307771
11/28/2016,5.278248
11/29/2016,5.328978
11/30/2016,5.156417
12/1/2016,4.873253
12/2/2016,4.892796
12/5/2016,5.005895
12/6/2016,5.04207
12/7/2016,5.229183
12/8/2016,5.2612
12/9/2016,5.38428
12/12/2016,5.309434
12/13/2016,5.516922
12/14/2016,5.476588
12/15/2016,5.509852
12/16/2016,5.442908
12/19/2016,5.509437
12/20/2016,5.575966
12/21/2016,5.556423
12/22/2016,5.508189
12/23/2016,5.525238
12/27/2016,5.605904
12/28/2016,5.476172
12/29/2016,5.449561
12/30/2016,5.290307
1/3/2017,5.418375
1/4/2017,5.510684
1/5/2017,5.608399
1/6/2017,5.750605
1/9/2017,5.808817
1/10/2017,5.842083
1/11/2017,5.88699
1/12/2017,5.857051
1/13/2017,5.924412
1/17/2017,5.868694
1/18/2017,5.908611
1/19/2017,5.892811
1/20/2017,5.931064
1/23/2017,5.944371
1/24/2017,6.06828
1/25/2017,6.245414
1/26/2017,6.271194
1/27/2017,6.301133
1/30/2017,6.158095
1/31/2017,6.123999
2/1/2017,6.240424
2/2/2017,6.224624
2/3/2017,6.278679
2/6/2017,6.301964
2/7/2017,6.36683
2/8/2017,6.402589
2/9/2017,6.469118
2/10/2017,6.533153
2/13/2017,6.647915
2/14/2017,6.710287
2/15/2017,6.825881
2/16/2017,6.82006
2/17/2017,6.905715
2/21/2017,7.015489
2/22/2017,7.016319
2/23/2017,6.940643
2/24/2017,6.978065
2/27/2017,6.998856
2/28/2017,6.943969
3/1/2017,7.168505
3/2/2017,7.055406
3/3/2017,7.091997
3/6/2017,7.042932
3/7/2017,7.008004
3/8/2017,7.043763
3/9/2017,7.065384
3/10/2017,7.142725
3/13/2017,7.184306
3/14/2017,7.131082
3/15/2017,7.255825
3/16/2017,7.251667
3/17/2017,7.234203
3/20/2017,7.255825
3/21/2017,6.932327
3/22/2017,7.068711
3/23/2017,7.012162
3/24/2017,7.050416
3/27/2017,7.087839
3/28/2017,7.220897
3/29/2017,7.316532
3/30/2017,7.353123
3/31/2017,7.335659
4/3/2017,7.319859
4/4/2017,7.353123
4/5/2017,7.269131
4/6/2017,7.274951
4/7/2017,7.266636
4/10/2017,7.274951
4/11/2017,7.183474
4/12/2017,7.08867
4/13/2017,7.004678
4/17/2017,7.171
4/18/2017,7.150209
4/19/2017,7.175158
4/20/2017,7.348966
4/21/2017,7.345639
4/24/2017,7.612586
4/25/2017,7.781404
4/26/2017,7.747307
4/27/2017,7.882861
4/28/2017,7.927768
5/1/2017,8.127356
5/2/2017,8.175589
5/3/2017,8.094922
5/4/2017,8.103238
5/5/2017,8.191389
5/8/2017,8.240454
5/9/2017,8.3311
5/10/2017,8.344405
5/11/2017,8.324448
5/12/2017,8.378502
5/15/2017,8.456675
5/16/2017,8.56312
5/17/2017,7.915294
5/18/2017,8.115711
5/19/2017,8.213842
5/22/2017,8.426736
5/23/2017,8.447526
5/24/2017,8.563952
5/25/2017,8.789319
5/26/2017,8.826742
5/30/2017,8.845037
5/31/2017,8.834226
6/1/2017,8.93984
6/2/2017,9.245043
6/5/2017,9.237558
6/6/2017,9.132775
6/7/2017,9.23257
6/8/2017,9.257518
6/9/2017,8.588069
6/12/2017,8.432557
6/13/2017,8.629649
6/14/2017,8.514055
6/15/2017,8.399293
6/16/2017,8.298667
6/19/2017,8.700336
6/20/2017,8.503243
6/21/2017,8.750233
6/22/2017,8.740253
6/23/2017,8.838385
6/26/2017,8.721127
6/27/2017,8.241286
6/28/2017,8.587236
6/29/2017,8.149809
6/30/2017,8.121533
7/3/2017,7.900325
7/5/2017,8.125691
7/6/2017,7.911135
7/7/2017,8.148145
7/10/2017,8.318625
7/11/2017,8.386819
7/12/2017,8.685367
7/13/2017,8.742748
7/14/2017,8.948158
7/17/2017,8.953147
7/18/2017,9.131112
7/19/2017,9.298265
7/20/2017,9.333194
7/21/2017,9.319057
7/24/2017,9.440472
7/25/2017,9.377269
7/26/2017,9.461262
7/27/2017,9.292446
7/28/2017,9.262507
7/31/2017,9.141923
8/1/2017,9.201798
8/2/2017,9.269159
8/3/2017,9.172692
8/4/2017,9.208452
8/7/2017,9.371448
8/8/2017,9.33652
8/9/2017,9.29993
8/10/2017,8.696178
8/11/2017,8.894933
8/14/2017,9.240886
8/15/2017,9.257518
8/16/2017,9.305751
8/17/2017,8.733602
8/18/2017,8.70283
8/21/2017,8.687031
8/22/2017,9.07373
8/23/2017,8.972274
8/24/2017,8.897429
8/25/2017,8.837552
8/28/2017,8.914893
8/29/2017,9.024665
8/30/2017,9.337352
8/31/2017,9.602636
9/1/2017,9.595984
9/5/2017,9.339015
9/6/2017,9.419682
9/7/2017,9.477896
9/8/2017,9.244212
9/11/2017,9.538603
9/12/2017,9.619269
9/13/2017,9.659186
9/14/2017,9.49619
9/15/2017,9.572699
9/18/2017,9.549415
9/19/2017,9.590162
9/20/2017,9.510327
9/21/2017,9.327374
9/22/2017,9.304087
9/25/2017,9.012192
9/26/2017,9.07373
9/27/2017,9.319888
9/28/2017,9.304087
9/29/2017,9.50118
10/2/2017,9.527791
10/3/2017,9.587667
10/4/2017,9.612616
10/5/2017,9.889543
10/6/2017,9.925303
10/9/2017,9.900352
10/10/2017,9.921144
10/11/2017,10.007631
10/12/2017,9.953578
10/13/2017,10.065013
10/16/2017,10.168964
10/17/2017,10.204724
10/18/2017,10.16564
10/19/2017,10.05337
10/20/2017,10.126553
10/23/2017,9.937776
10/24/2017,9.988505
10/25/2017,9.867089
10/26/2017,9.775612
10/27/2017,10.618036
10/30/2017,10.693712
10/31/2017,10.806813
11/1/2017,10.792674
11/2/2017,10.737788
11/3/2017,11.037169
11/6/2017,11.149437
11/7/2017,11.167732
11/8/2017,11.307444
11/9/2017,11.126152
11/10/2017,11.122826
11/13/2017,11.15609
11/14/2017,11.043822
11/15/2017,10.881659
11/16/2017,11.289148
11/17/2017,11.162743
11/20/2017,11.135299
11/21/2017,11.48624
11/22/2017,11.531979
11/24/2017,11.66171
11/27/2017,11.642584
11/28/2017,11.728239
11/29/2017,11.125319
11/30/2017,11.401416
12/1/2017,11.249231
12/4/2017,10.860868
12/5/2017,10.876669
12/6/2017,11.020537
12/7/2017,11.129478
12/8/2017,11.276674
12/11/2017,11.535305
12/12/2017,11.492062
12/13/2017,11.549442
12/14/2017,11.532811
12/15/2017,11.907867
12/18/2017,12.213903
12/19/2017,12.015146
12/20/2017,11.965249
12/21/2017,11.959428
12/22/2017,11.919511
12/26/2017,11.726576
12/27/2017,11.726576
12/28/2017,11.758178
12/29/2017,11.536138
1/2/2018,12.128244
1/3/2018,12.483344
1/4/2018,12.556526
1/5/2018,12.935741
1/8/2018,13.079611
1/9/2018,13.089591
1/10/2018,12.996449
1/11/2018,13.256745
1/12/2018,13.53783
1/16/2018,13.433046
1/17/2018,13.856338
1/18/2018,13.869643
1/19/2018,14.002702
1/22/2018,14.44013
1/23/2018,14.80604
1/24/2018,14.505828
1/25/2018,14.487533
1/26/2018,15.134527
1/29/2018,14.934108
1/30/2018,14.552398
1/31/2018,14.732026
2/1/2018,14.363622
2/2/2018,13.48627
2/5/2018,11.929491
2/6/2018,12.849253
2/7/2018,12.341138
2/8/2018,10.811802
2/9/2018,11.320749
2/12/2018,11.954438
2/13/2018,12.099971
2/14/2018,12.808505
2/15/2018,13.477952
2/16/2018,13.327432
2/20/2018,13.393961
2/21/2018,13.273376
2/22/2018,13.275871
2/23/2018,14.066735
2/26/2018,14.631401
2/27/2018,14.107485
2/28/2018,13.823905
3/1/2018,13.158614
3/2/2018,13.520365
3/5/2018,13.944489
3/6/2018,14.12079
3/7/2018,14.226405
3/8/2018,14.438467
3/9/2018,15.279227
3/12/2018,15.507921
3/13/2018,14.944919
3/14/2018,14.89419
3/15/2018,14.827662
3/16/2018,14.729532
3/19/2018,13.804777
3/20/2018,13.906235
3/21/2018,13.704984
3/22/2018,12.703722
3/23/2018,11.677511
3/26/2018,12.99146
3/27/2018,11.745704
3/28/2018,11.340708
3/29/2018,11.968575
4/2/2018,10.905773
4/3/2018,11.271684
4/4/2018,11.804749
4/5/2018,11.990199
4/6/2018,11.095382
4/9/2018,11.317422
4/10/2018,12.065043
4/11/2018,11.862129
4/12/2018,12.277936
4/13/2018,12.095813
4/16/2018,12.362761
4/17/2018,13.153625
4/18/2018,13.245102
4/19/2018,12.885015
4/20/2018,12.267124
4/23/2018,12.170658
4/24/2018,11.394762
4/25/2018,11.439671
4/26/2018,12.149036
4/27/2018,12.177311
4/30/2018,11.917848
5/1/2018,12.30538
5/2/2018,12.090822
5/3/2018,12.091655
5/4/2018,12.771914
5/7/2018,13.075453
5/8/2018,13.032209
5/9/2018,13.468806
5/10/2018,13.887939
5/11/2018,13.846358
5/14/2018,13.907898
5/15/2018,13.457995
5/16/2018,13.705815
5/17/2018,13.551137
5/18/2018,13.334085
5/21/2018,13.566936
5/22/2018,13.496248
5/23/2018,13.835548
5/24/2018,13.823905
5/25/2018,13.858833
5/29/2018,13.681699
5/30/2018,13.973595
5/31/2018,13.943657
6/1/2018,14.592316
6/4/2018,14.966541
6/5/2018,15.121222
6/6/2018,15.370705
6/7/2018,15.013944
6/8/2018,15.003963
6/11/2018,15.121222
6/12/2018,15.360725
6/13/2018,15.343262
6/14/2018,15.809797
6/15/2018,15.652622
6/18/2018,15.617694
6/19/2018,15.477983
6/20/2018,15.802313
6/21/2018,15.393159
6/22/2018,15.23848
6/25/2018,14.265491
6/26/2018,14.422668
6/27/2018,13.843863
6/28/2018,14.183162
6/29/2018,14.248028
7/2/2018,14.567368
7/3/2018,14.065905
7/5/2018,14.582335
7/6/2018,15.23848
7/9/2018,15.662601
7/10/2018,15.700024
7/11/2018,15.470499
7/12/2018,16.233919
7/13/2018,16.281322
7/16/2018,16.171551
7/17/2018,16.47093
7/18/2018,16.366146
7/19/2018,16.124146
7/20/2018,16.101694
7/23/2018,16.241404
7/24/2018,16.448475
7/25/2018,17.134556
7/26/2018,16.386106
7/27/2018,15.702518
7/30/2018,15.026417
7/31/2018,15.325799
8/1/2018,15.535365
8/2/2018,16.154085
8/3/2018,16.298784
8/6/2018,16.598166
8/7/2018,16.76033
8/8/2018,16.805239
8/9/2018,16.790268
8/10/2018,16.398581
8/13/2018,16.351177
8/14/2018,16.653051
8/15/2018,16.046806
8/16/2018,16.194002
8/17/2018,16.191507
8/20/2018,16.159073
8/21/2018,16.326229
8/22/2018,16.515835
8/23/2018,16.433508
8/24/2018,16.890062
8/27/2018,17.39901
8/28/2018,17.476351
8/29/2018,18.087585
8/30/2018,17.985296
8/31/2018,18.037687
9/4/2018,17.823132
9/5/2018,17.114597
9/6/2018,16.648064
9/7/2018,16.483404
9/10/2018,16.628105
9/11/2018,16.997341
9/12/2018,16.850145
9/13/2018,17.349112
9/14/2018,17.216887
9/17/2018,16.490887
9/18/2018,16.882578
9/19/2018,16.845154
9/20/2018,17.374062
9/21/2018,17.097134
9/24/2018,17.244331
9/25/2018,17.314186
9/26/2018,17.296721
9/27/2018,17.77573
9/28/2018,17.748285
10/1/2018,17.850576
10/2/2018,17.748285
10/3/2018,17.800676
10/4/2018,16.785278
10/5/2018,16.154085
10/8/2018,15.864683
10/9/2018,15.986932
10/10/2018,13.913719
10/11/2018,13.349885
10/12/2018,14.477552
10/15/2018,13.931183
10/16/2018,15.131201
10/17/2018,15.181098
10/18/2018,14.128275
10/19/2018,14.070894
10/22/2018,14.282956
10/23/2018,14.125779
10/24/2018,12.204754
10/25/2018,13.457163
10/26/2018,12.411825
10/29/2018,11.748199
10/30/2018,12.202259
10/31/2018,13.025556
11/1/2018,13.594379
11/2/2018,12.985638
11/5/2018,12.858402
11/6/2018,13.13034
11/7/2018,14.337842
11/8/2018,14.093348
11/9/2018,13.377329
11/12/2018,12.202259
11/13/2018,12.197269
11/14/2018,11.88791
11/15/2018,12.524094
11/16/2018,12.386878
11/19/2018,11.199333
11/20/2018,10.578119
11/21/2018,10.815128
11/23/2018,10.575624
11/26/2018,11.301621
11/27/2018,11.41888
11/28/2018,12.50164
11/29/2018,12.386878
11/30/2018,12.64634
12/3/2018,13.294999
12/4/2018,11.833022
12/6/2018,12.005166
12/7/2018,10.830097
12/10/2018,11.169395
12/11/2018,11.289148
12/12/2018,11.57356
12/13/2018,11.576056
12/14/2018,10.702862
12/17/2018,10.01179
12/18/2018,10.178945
12/19/2018,9.442966
12/20/2018,9.063752
12/21/2018,8.188063
12/24/2018,7.581817
12/26/2018,8.958581
12/27/2018,9.085988
12/28/2018,9.048516
12/31/2018,9.253369
1/2/2019,9.385775
1/3/2019,8.476426
1/4/2019,9.560649
1/7/2019,9.865431
1/8/2019,10.150227
1/9/2019,10.390055
1/10/2019,10.489984
1/11/2019,10.365072
1/14/2019,10.095266
1/15/2019,10.654865
1/16/2019,10.669854
1/17/2019,10.919675
1/18/2019,11.21946
1/22/2019,10.599904
1/23/2019,10.609897
1/24/2019,10.797263
1/25/2019,11.181987
1/28/2019,10.769783
1/29/2019,10.465
1/30/2019,11.249438
1/31/2019,11.744083
2/1/2019,11.594192
2/4/2019,12.018888
2/5/2019,12.33616
2/6/2019,12.238729
2/7/2019,11.739088
2/8/2019,11.799045
2/11/2019,11.771564
2/12/2019,12.281199
2/13/2019,12.306181
2/14/2019,12.35115
2/15/2019,12.498544
2/19/2019,12.57349
2/20/2019,12.563498
2/21/2019,12.421099
2/22/2019,12.690906
2/25/2019,12.830806
2/26/2019,12.870777
2/27/2019,12.830806
2/28/2019,12.750863
3/1/2019,13.005681
3/4/2019,13.008179
3/5/2019,13.040655
3/6/2019,12.815817
3/7/2019,12.348651
3/8/2019,12.278701
3/11/2019,13.045651
3/12/2019,13.257999
3/13/2019,13.545294
3/14/2019,13.485337
3/15/2019,13.820097
3/18/2019,13.945006
3/19/2019,14.084907
3/20/2019,14.247347
3/21/2019,14.907109
3/22/2019,13.932462
3/25/2019,13.844994
3/26/2019,14.034925
3/27/2019,13.760024
3/28/2019,13.847492
3/29/2019,14.15988
4/1/2019,14.717177
4/2/2019,14.87962
4/3/2019,15.137026
4/4/2019,15.114534
4/5/2019,15.341951
4/8/2019,15.461908
4/9/2019,15.291969
4/10/2019,15.53938
4/11/2019,15.421923
4/12/2019,15.611855
4/15/2019,15.62435
4/16/2019,15.776794
4/17/2019,15.934237
4/18/2019,15.98422
4/22/2019,16.119171
4/23/2019,16.731449
4/24/2019,16.56901
4/25/2019,16.753941
4/26/2019,16.813919
4/29/2019,16.903887
4/30/2019,16.516525
5/1/2019,16.326595
5/2/2019,16.126667
5/3/2019,16.886393
5/6/2019,16.584003
5/7/2019,15.619351
5/8/2019,15.481901
5/9/2019,15.23699
5/10/2019,15.279474
5/13/2019,13.700046
5/14/2019,14.12989
5/15/2019,14.717177
5/16/2019,15.177011
5/17/2019,14.704682
5/20/2019,13.967449
5/21/2019,14.387297
5/22/2019,14.199864
5/23/2019,13.530107
5/24/2019,13.510115
5/28/2019,13.365167
5/29/2019,13.030288
5/30/2019,13.185231
5/31/2019,12.550462
6/3/2019,11.748251
6/4/2019,12.700407
6/5/2019,12.980306
6/6/2019,13.280197
6/7/2019,14.037423
6/10/2019,14.549739
6/11/2019,14.604718
6/12/2019,14.357308
6/13/2019,14.592223
6/14/2019,14.402292
6/17/2019,14.664697
6/18/2019,15.299467
6/19/2019,15.479402
6/20/2019,15.904248
6/21/2019,15.831775
6/24/2019,15.826777
6/25/2019,15.01707
6/26/2019,15.207001
6/27/2019,15.371941
6/28/2019,15.436917
7/1/2019,16.051697
7/2/2019,16.246626
7/3/2019,16.606493
7/5/2019,16.499033
7/8/2019,16.151659
7/9/2019,16.394072
7/10/2019,16.878897
7/11/2019,16.833912
7/12/2019,17.11631
7/15/2019,17.261257
7/16/2019,17.016346
7/17/2019,16.763939
7/18/2019,16.836412
7/19/2019,16.429058
7/22/2019,16.81642
7/23/2019,17.1413
7/24/2019,17.50617
7/25/2019,17.006351
7/26/2019,17.511168
7/29/2019,17.348726
7/30/2019,17.11631
7/31/2019,16.394072
8/1/2019,16.164154
8/2/2019,15.424422
8/5/2019,13.805008
8/6/2019,14.372302
8/7/2019,14.582226
8/8/2019,15.546878
8/9/2019,15.087044
8/12/2019,14.582226
8/13/2019,15.53938
8/14/2019,14.147384
8/15/2019,14.087405
8/16/2019,14.737171
8/19/2019,15.426921
8/20/2019,15.109535
8/21/2019,15.494397
8/22/2019,15.344451
8/23/2019,13.939959
8/26/2019,14.504755
8/27/2019,14.417286
8/28/2019,14.562234
8/29/2019,15.224494
8/30/2019,15.117034
9/3/2019,14.677192
9/4/2019,15.294469
9/5/2019,16.139164
9/6/2019,16.094181
9/9/2019,15.991717
9/10/2019,15.859264
9/11/2019,16.28661
9/12/2019,16.489038
9/13/2019,16.3141
9/16/2019,16.08918
9/17/2019,16.301605
9/18/2019,16.291609
9/19/2019,16.364082
9/20/2019,15.849268
9/23/2019,15.864263
9/24/2019,15.23699
9/25/2019,15.724313
9/26/2019,15.566871
9/27/2019,15.002074
9/30/2019,15.401931
10/1/2019,15.029565
10/2/2019,14.259844
10/3/2019,14.729673
10/4/2019,15.349448
10/7/2019,15.207001
10/8/2019,14.514751
10/9/2019,14.954592
10/10/2019,15.281974
10/11/2019,15.854266
10/14/2019,15.871759
10/15/2019,16.474043
10/16/2019,16.351587
10/17/2019,16.464045
10/18/2019,15.991717
10/21/2019,16.414064
10/22/2019,16.034203
10/23/2019,16.109175
10/24/2019,16.571507
10/25/2019,16.94887
10/28/2019,17.466183
10/29/2019,17.063829
10/30/2019,17.303741
10/31/2019,17.316238
11/1/2019,17.786068
11/4/2019,18.103455
11/5/2019,18.125944
11/6/2019,18.010986
11/7/2019,18.193422
11/8/2019,18.408344
11/11/2019,18.33087
11/12/2019,18.480816
11/13/2019,18.453325
11/14/2019,18.448328
11/15/2019,18.795702
11/18/2019,18.893167
11/19/2019,18.97064
11/20/2019,18.63826
11/21/2019,18.493313
11/22/2019,18.543293
11/25/2019,19.18556
11/26/2019,19.300522
11/27/2019,19.69038
11/29/2019,19.427973
12/2/2019,18.8032
12/3/2019,18.380854
12/4/2019,18.653254
12/5/2019,18.750719
12/6/2019,19.330509
12/9/2019,19.093096
12/10/2019,19.050611
12/11/2019,19.338007
12/12/2019,19.780348
12/13/2019,19.957783
12/16/2019,20.530077
12/17/2019,20.557566
12/18/2019,20.605047
12/19/2019,21.024897
12/20/2019,21.274805
12/23/2019,21.432249
12/24/2019,21.459999
12/26/2019,22.0175
12/27/2019,21.952499
12/30/2019,21.514999
12/31/2019,21.637501
1/2/2020,22.709999
1/3/2020,22.092501
1/6/2020,22.512501
1/7/2020,22.485001
1/8/2020,23.002501
1/9/2020,23.5825
1/10/2020,23.389999
1/13/2020,24.2075
1/14/2020,23.924999
1/15/2020,23.940001
1/16/2020,24.6075
1/17/2020,24.975
1/21/2020,24.9625
1/22/2020,25.1325
1/23/2020,25.365
1/24/2020,24.7075
1/27/2020,23.18
1/28/2020,24.2575
1/29/2020,24.344999
1/30/2020,24.620001
1/31/2020,23.41
2/3/2020,24.485001
2/4/2020,26.157499
2/5/2020,26.459999
2/6/2020,27.105
2/7/2020,26.754999
2/10/2020,27.719999
2/11/2020,27.74
2/12/2020,28.5525
2/13/2020,28.442499
2/14/2020,28.635
2/18/2020,28.684999
2/19/2020,29.514999
2/20/2020,28.674999
2/21/2020,27.035
2/24/2020,23.92
2/25/2020,21.985001
2/26/2020,22.2875
2/27/2020,18.955
2/28/2020,19.25
3/2/2020,21.877501
3/3/2020,19.817499
3/4/2020,22.2225
3/5/2020,20.272499
3/6/2020,19.209999
3/9/2020,15.3075
3/10/2020,17.690001
3/11/2020,15.415
3/12/2020,11.19
3/13/2020,14.21
3/16/2020,9.3125
3/17/2020,10.83
3/18/2020,9.8275
3/19/2020,10.055
3/20/2020,8.8775
3/23/2020,8.905
3/24/2020,10.89
3/25/2020,10.6375
3/26/2020,12.37
3/27/2020,11.085
3/30/2020,12.25
3/31/2020,11.91
4/1/2020,10.4325
4/2/2020,11.05
4/3/2020,10.605
4/6/2020,12.825
4/7/2020,12.8
4/8/2020,13.6175
4/9/2020,13.6675
4/13/2020,14.1425
4/14/2020,15.9775
4/15/2020,15.4475
4/16/2020,16.275
4/17/2020,16.682501
4/20/2020,16.1425
4/21/2020,14.3575
4/22/2020,15.6275
4/23/2020,15.525
4/24/2020,16.275
4/27/2020,16.592501
4/28/2020,15.695
4/29/2020,17.327499
4/30/2020,17.442499
5/1/2020,15.8775
5/4/2020,16.4375
5/5/2020,16.9625
5/6/2020,17.297501
5/7/2020,17.9725
5/8/2020,18.6975
5/11/2020,19.1625
5/12/2020,18.022499
5/13/2020,17.34
5/14/2020,17.915001
5/15/2020,18.2225
5/18/2020,19.2775
5/19/2020,19.129999
5/20/2020,20.25
5/21/2020,19.627501
5/22/2020,19.805
5/26/2020,19.7225
5/27/2020,20
5/28/2020,19.872499
5/29/2020,20.692499
6/1/2020,20.9475
6/2/2020,21.365
6/3/2020,21.655001
6/4/2020,21.215
6/5/2020,22.4725
6/8/2020,22.9725
6/9/2020,23.485001
6/10/2020,24.3325
6/11/2020,20.75
6/12/2020,21.200001
6/15/2020,21.9475
6/16/2020,23.1075
6/17/2020,23.3325
6/18/2020,23.512501
6/19/2020,23.48
6/22/2020,24.315001
6/23/2020,24.950001
6/24/2020,23.48
6/25/2020,24.102501
6/26/2020,22.370001
6/29/2020,23.084999
6/30/2020,24.4125
7/1/2020,25.285
7/2/2020,25.8225
7/6/2020,27.719999
7/7/2020,27.174999
7/8/2020,28.219999
7/9/2020,28.924999
7/10/2020,29.5375
7/13/2020,27.7125
7/14/2020,28.299999
7/15/2020,28.440001
7/16/2020,27.83
7/17/2020,27.959999
7/20/2020,30.34
7/21/2020,29.370001
7/22/2020,29.709999
7/23/2020,27.3825
7/24/2020,26.5725
7/27/2020,28
7/28/2020,26.9475
7/29/2020,27.865
7/30/2020,28.317499
7/31/2020,29.844999
8/3/2020,30.9575
8/4/2020,31.360001
8/5/2020,31.610001
8/6/2020,32.82
8/7/2020,31.747499
8/10/2020,31.32
8/11/2020,29.5425
8/12/2020,31.752501
8/13/2020,31.975
8/14/2020,31.8825
8/17/2020,32.935001
8/18/2020,33.9025
8/19/2020,33.240002
8/20/2020,34.607498
8/21/2020,35.330002
8/24/2020,35.985001
8/25/2020,36.825001
8/26/2020,39.182499
8/27/2020,38.827499
8/28/2020,39.427502
8/31/2020,40.34
9/1/2020,42.435001
9/2/2020,43.6325
9/3/2020,36.932499
9/4/2020,35.41
9/8/2020,30.405001
9/9/2020,33.017502
9/10/2020,31.1075
9/11/2020,30.4275
9/14/2020,31.995001
9/15/2020,33.355
9/16/2020,31.752501
9/17/2020,30.290001
9/18/2020,29.120001
9/21/2020,29.465
9/22/2020,31.075001
9/23/2020,28.1975
9/24/2020,28.610001
9/25/2020,30.615
9/28/2020,32.43
9/29/2020,32.09
9/30/2020,32.724998
10/1/2020,34.2575
10/2/2020,31.432501
10/5/2020,33.415001
10/6/2020,31.620001
10/7/2020,33.282501
10/8/2020,33.772499
10/9/2020,35.275002
10/12/2020,38.564999
10/13/2020,38.57
10/14/2020,37.6175
10/15/2020,36.84
10/16/2020,36.275002
10/19/2020,34.4725
10/20/2020,34.695
10/21/2020,34.605
10/22/2020,34.622501
10/23/2020,34.825001
10/26/2020,33.237499
10/27/2020,34.022499
10/28/2020,30.030001
10/29/2020,31.557501
10/30/2020,29.362499
11/2/2020,29.372499
11/3/2020,30.85
11/4/2020,35.02
11/5/2020,37.7225
11/6/2020,37.849998
11/9/2020,35.540001
11/10/2020,33.622501
11/11/2020,35.8825
11/12/2020,35.357498
11/13/2020,36.285
11/16/2020,37.119999
11/17/2020,36.7775
11/18/2020,35.924999
11/19/2020,36.814999
11/20/2020,36.067501
11/23/2020,36.075001
11/24/2020,37.549999
11/25/2020,38.2575
11/27/2020,39.302502
11/30/2020,39.505001
12/1/2020,41.057499
12/2/2020,41.2225
12/3/2020,41.389999
12/4/2020,41.897499
12/7/2020,42.607498
12/8/2020,42.997501
12/9/2020,40.1175
12/10/2020,40.610001
12/11/2020,40.325001
12/14/2020,41.185001
12/15/2020,42.465
12/16/2020,43.177502
12/17/2020,44.0625
12/18/2020,43.5825
12/21/2020,43.419998
12/22/2020,43.762501
12/23/2020,43.102501
12/24/2020,43.662498
12/28/2020,44.9725
12/29/2020,45.105
12/30/2020,45.0975
12/31/2020,45.450001
1/4/2021,43.462502
1/5/2021,44.552502
1/6/2021,42.709999
1/7/2021,45.794998
1/8/2021,47.57
1/11/2021,45.467499
1/12/2021,45.27
1/13/2021,46.150002
1/14/2021,45.447498
1/15/2021,44.342499
1/19/2021,46.264999
1/20/2021,49.490002
1/21/2021,50.720001
1/22/2021,50.259998
1/25/2021,51.654999
1/26/2021,51.709999
1/27/2021,47.540001
1/28/2021,48.240002
1/29/2021,45.235001
2/1/2021,48.560001
2/2/2021,50.91
2/3/2021,50.325001
2/4/2021,52.105
2/5/2021,52.650002
2/8/2021,53.68
2/9/2021,53.654999
2/10/2021,53.275002
2/11/2021,54.134998
2/12/2021,55.055
2/16/2021,54.595001
2/17/2021,53.834999
2/18/2021,53.110001
2/19/2021,52.41
2/22/2021,48.349998
2/23/2021,47.919998
2/24/2021,49.075001
2/25/2021,43.950001
2/26/2021,44.610001
3/1/2021,48.5
3/2/2021,46.174999
3/3/2021,42.169998
3/4/2021,40.084999
3/5/2021,41.880001
3/8/2021,38.299999
3/9/2021,42.810001
3/10/2021,42.445
3/11/2021,45.389999
3/12/2021,44.259998
3/15/2021,45.674999
3/16/2021,46.424999
3/17/2021,47.009998
3/18/2021,42.695
3/19/2021,43.240002
3/22/2021,45.544998
3/23/2021,44.950001
3/24/2021,42.68
3/25/2021,42.450001
3/26/2021,44.325001
3/29/2021,44.299999
3/30/2021,43.669998
3/31/2021,45.630001
4/1/2021,47.950001
4/5/2021,50.830002
4/6/2021,50.709999
4/7/2021,51.084999
4/8/2021,52.68
4/9/2021,53.634998
4/12/2021,53.424999
4/13/2021,55.255001
4/14/2021,53.314999
4/15/2021,55.669998
4/16/2021,55.904999
4/19/2021,54.380001
4/20/2021,53.189999
4/21/2021,54.535
4/22/2021,52.549999
4/23/2021,54.529999
4/26/2021,55.610001
4/27/2021,54.880001
4/28/2021,54.314999
4/29/2021,54.860001
4/30/2021,53.830002
5/3/2021,52.950001
5/4/2021,50.16
5/5/2021,49.575001
5/6/2021,50.66
5/7/2021,51.900002
5/10/2021,48
5/11/2021,47.759998
5/12/2021,44.125
5/13/2021,45.055
5/14/2021,47.985001
5/17/2021,47.174999
5/18/2021,46.185001
5/19/2021,46.355
5/20/2021,49.035
5/21/2021,48.224998
5/24/2021,50.639999
5/25/2021,50.884998
5/26/2021,51.400002
5/27/2021,50.799999
5/28/2021,51.294998
6/1/2021,50.794998
6/2/2021,51.060001
6/3/2021,49.455002
6/4/2021,51.990002
6/7/2021,52.450001
6/8/2021,52.509998
6/9/2021,52.57
6/10/2021,54.18
6/11/2021,54.610001
6/14/2021,56.139999
6/15/2021,55.099998
6/16/2021,54.509998
6/17/2021,56.544998
6/18/2021,55.195
6/21/2021,56.205002
6/22/2021,57.775002
6/23/2021,57.875
6/24/2021,58.939999
6/25/2021,58.755001
6/28/2021,60.834999
6/29/2021,61.52
6/30/2021,61.25
7/1/2021,61.279999
7/2/2021,63.360001
7/6/2021,64.209999
7/7/2021,64.620003
7/8/2021,63.5
7/9/2021,64.574997
7/12/2021,65.385002
7/13/2021,65.349998
7/14/2021,65.705002
7/15/2021,64.345001
7/16/2021,62.764999
7/19/2021,61.259998
7/20/2021,63.279999
7/21/2021,64.724998
7/22/2021,66.084999
7/23/2021,68.279999
7/26/2021,68.565002
7/27/2021,66.324997
7/28/2021,67.050003
7/29/2021,67.379997
7/30/2021,66.370003
8/2/2021,66.349998
8/3/2021,67.504997
8/4/2021,67.839996
8/5/2021,69.114998
8/6/2021,68.214996
8/9/2021,68.580002
8/10/2021,67.555
8/11/2021,67.190002
8/12/2021,67.889999
8/13/2021,68.57
8/16/2021,68.690002
8/17/2021,66.885002
8/18/2021,64.940002
8/19/2021,65.864998
8/20/2021,67.900002
8/23/2021,70.925003
8/24/2021,71.625
8/25/2021,71.705002
8/26/2021,70.489998
8/27/2021,72.550003
8/30/2021,74.955002
8/31/2021,74.745003
9/1/2021,75.154999
9/2/2021,75.050003
9/3/2021,75.724998
9/7/2021,76.035004
9/8/2021,75.254997
9/9/2021,74.449997
9/10/2021,72.775002
9/13/2021,72.610001
9/14/2021,71.985001
9/15/2021,73.580002
9/16/2021,73.724998
9/17/2021,71.120003
9/20/2021,66.745003
9/21/2021,66.830002
9/22/2021,68.785004
9/23/2021,70.695
9/24/2021,70.894997
9/27/2021,69.184998
9/28/2021,63.415001
9/29/2021,62.994999
9/30/2021,62.285
10/1/2021,63.419998
10/4/2021,59.52
10/5/2021,61.810001
10/6/2021,63.029999
10/7/2021,64.735001
10/8/2021,63.740002
10/11/2021,62.325001
10/12/2021,61.689999
10/13/2021,63.134998
10/14/2021,66.620003
10/15/2021,67.855003
10/18/2021,69.889999
10/19/2021,71.425003
10/20/2021,71.199997
10/21/2021,72.474998
10/22/2021,70.639999
10/25/2021,72.760002
10/26/2021,73.440002
10/27/2021,74.019997
10/28/2021,76.449997
10/29/2021,77.580002
11/1/2021,78.345001
11/2/2021,79.389999
11/3/2021,81.910004
11/4/2021,84.964996
11/5/2021,85.279999
11/8/2021,84.93
11/9/2021,83.18
11/10/2021,79.535004
11/11/2021,80.18
11/12/2021,82.724998
11/15/2021,82.699997
11/16/2021,84.410004
11/17/2021,84.510002
11/18/2021,87.095001
11/19/2021,88.57
11/22/2021,85.5
11/23/2021,84.334999
11/24/2021,85.114998
11/26/2021,80.419998
11/29/2021,85.415001
11/30/2021,81.745003
12/1/2021,77.550003
12/2/2021,79.010002
12/3/2021,75.040001
12/6/2021,76.794998
12/7/2021,83.720001
12/8/2021,84.885002
12/9/2021,81.220001
12/10/2021,83.735001
12/13/2021,80.135002
12/14/2021,77.75
12/15/2021,82.894997
12/16/2021,76.57
12/17/2021,75.400002
12/20/2021,73.144997
12/21/2021,78.035004
12/22/2021,80.82
12/23/2021,82.739998
12/27/2021,86.695
12/28/2021,85.675003
12/29/2021,85.540001
12/30/2021,84.739998
12/31/2021,83.165001
1/3/2022,85.565002
1/4/2022,82.239998
1/5/2022,74.675003
1/6/2022,74.470001
1/7/2022,72.035004
1/10/2022,72.300003
1/11/2022,75.480003
1/12/2022,76.339996
1/13/2022,70.800003
1/14/2022,71.870003
1/18/2022,66.690002
1/19/2022,64.370003
1/20/2022,61.880001
1/21/2022,56.669998
1/24/2022,57.490002
1/25/2022,53.25
1/26/2022,53.150002
1/27/2022,51.560001
1/28/2022,56.369999
1/31/2022,61.830002
2/1/2022,63.009998
2/2/2022,64.5
2/3/2022,56.740002
2/4/2022,58.700001
2/7/2022,57.369999
2/8/2022,59.32
2/9/2022,63
2/10/2022,58.82
2/11/2022,53.279999
2/14/2022,53.43
2/15/2022,57.299999
2/16/2022,57.290001
2/17/2022,52.209999
2/18/2022,50.439999
2/22/2022,48.880001
2/23/2022,45.139999
2/24/2022,49.560001
2/25/2022,51.91
2/28/2022,52.459999
3/1/2022,50.040001
3/2/2022,52.43
3/3/2022,50.240002
3/4/2022,48.09
3/7/2022,42.720001
3/8/2022,42.130001
3/9/2022,46.639999
3/10/2022,45.139999
3/11/2022,42.34
3/14/2022,39.860001
3/15/2022,43.549999
3/16/2022,48.439999
3/17/2022,50.060001
3/18/2022,53.169998
3/21/2022,52.790001
3/22/2022,55.91
3/23/2022,53.549999
3/24/2022,57.02
3/25/2022,56.93
3/25/2022,56.93
